{
  "tabs": [
    {
      "mappings": [
        {
          "product": "J-20系列飞行帽",
          "type": "J-20系列飞行帽"
        },
        {
          "product": "J-35系列飞行帽",
          "type": "J-35系列飞行帽"
        },
        {
          "product": "山东舰主舰帽",
          "type": "山东舰主舰帽"
        },
        {
          "product": "弹射时代系列J15T帽子",
          "type": "弹射时代系列帽子"
        },
        {
          "product": "弹射时代系列J35帽子",
          "type": "弹射时代系列帽子"
        },
        {
          "product": "弹射时代系列KJ600帽子",
          "type": "弹射时代系列帽子"
        }
      ],
      "name": "帽子"
    },
    {
      "mappings": [
        {
          "product": "4代蓝色经典飞行夹克",
          "type": "4代蓝色经典飞行夹克"
        },
        {
          "product": "荣造王牌飞行系列35飞行夹克",
          "type": "荣造王牌飞行系列35飞行夹克"
        },
        {
          "product": "王牌飞行系列共和国天空飞行夹克",
          "type": "王牌飞行系列共和国天空飞行夹克"
        },
        {
          "product": "指挥员系列飞行夹克",
          "type": "指挥员系列飞行夹克"
        },
        {
          "product": "夹克",
          "type": "其他夹克"
        }
      ],
      "name": "夹克"
    },
    {
      "mappings": [
        {
          "product": "舰载飞行头盔包",
          "type": "头盔包"
        },
        {
          "product": "空军版头盔包",
          "type": "头盔包"
        },
        {
          "product": "王牌飞行双肩包",
          "type": "王牌飞行双肩包"
        },
        {
          "product": "舰载飞行斜挎单肩包",
          "type": "舰载飞行斜挎单肩包"
        }
      ],
      "name": "包"
    },
    {
      "name": "羽绒服",
      "mappings": [
        {
          "product": "山东舰长款羽绒服",
          "type": "山东舰长款羽绒服"
        },
        {
          "product": "山东舰中款羽绒服",
          "type": "山东舰中款羽绒服"
        }
      ]
    },
    {
      "name": "章",
      "mappings": [
        {
          "product": "航母系列套装章",
          "type": "航母系列套装章"
        },
        {
          "product": "空战系列套装章",
          "type": "空战系列套装章"
        },
        {
          "product": "荣造共和国天空系列",
          "type": "荣造共和国天空系列章"
        },
        {
          "product": "王牌飞行系列头盔章",
          "type": "王牌飞行系列头盔章"
        }
      ]
    },
    {
      "name": "舰载熊猫系列",
      "mappings": [
        {
          "product": "舰载熊猫公仔-连体服",
          "type": "舰载熊猫公仔"
        },
        {
          "product": "舰载熊猫公仔-飞行员",
          "type": "舰载熊猫公仔"
        },
        {
          "product": "舰载熊猫公仔",
          "type": "舰载熊猫公仔各色马甲"
        },
        {
          "product": "舰载熊猫幼崽包挂版",
          "type": "舰载熊猫幼崽包挂版"
        },
        {
          "product": "舰载熊猫挂件",
          "type": "舰载熊猫挂件"
        }
      ]
    }
  ]
}